{"cameraMode":{"drawMode":0,"name":"Shaded","section":"Shading Mode"},"sceneLighting":false,"audioPlay":false,"sceneViewState":{"m_AlwaysRefresh":false,"showFog":true,"showSkybox":true,"showFlares":true,"showImageEffects":true,"showParticleSystems":true,"showVisualEffectGraphs":true,"m_FxEnabled":true},"in2DMode":false,"pivot":{"x":-7.059418201446533,"y":-5.0145039558410648,"z":11.033136367797852},"rotation":{"x":-0.14645016193389893,"y":-0.06612933427095413,"z":0.009813127107918263,"w":-0.9869605302810669},"size":20.799991607666017,"orthographic":false}